smiles,valid,prediction,probability_active,confidence,inhibition_strength
NNC(=O)c1ccncc1,True,Inactive,0.04195177182555199,0.916096456348896,0.6668612957000732
NC(=O)c1nccnc1,True,Inactive,0.04605606570839882,0.9078878685832024,0.6651901602745056
CC(CNCCNCC(C)O)O,True,Inactive,0.01894577220082283,0.9621084555983543,0.6758618950843811
CCCSC(=N)Nc1ccncc1,True,Inactive,0.038910023868083954,0.9221799522638321,0.6687289476394653
COC1=C(C=CC(=C1O)C2=CC(=O)C3=C(O2)C=CC(=C3O)C)C(=O)N4CCN(CC4)C,True,Inactive,0.0026842437218874693,0.9946315125562251,0.688342273235321
CC(C)(C)NCC(C1=CC=CC=C1)C(O)C2=NC3=CC=CC=C3N=C2,True,Inactive,0.01030770130455494,0.9793845973908901,0.6784805059432983
CC(=O)OC1=CC=CC=C1C(=O)O,True,Inactive,0.028860101476311684,0.9422797970473766,0.6732616424560547
CC(C)CC1=CC=C(C=C1)C(C)C(=O)O,True,Inactive,0.03295326232910156,0.9340934753417969,0.671425461769104
CC(=O)NC1=CC=C(O)C=C1,True,Inactive,0.026144860312342644,0.9477102793753147,0.6751619577407837
CN1C=NC2=C1C(=O)N(C(=O)N2C)C,True,Inactive,0.01165627408772707,0.9766874518245459,0.6799268126487732
CC1(C)SCC(N1C(=O)C(N)C2=CC=CC=C2)C(=O)O,True,Inactive,0.032165735960006714,0.9356685280799866,0.6714881062507629
CCC1OC(C(C(C(O1)OC)O)O)OC2(C(C(C(O2)OC)O)O)OC,True,Inactive,0.007712856866419315,0.9845742862671614,0.6829659938812256
NC(=N)NCCNC(=N)N,True,Inactive,0.013356806710362434,0.9732863865792751,0.6773760318756104
CCN(CC)C(=O)C1=NC=CC=C1N(C)C,True,Inactive,0.018704557791352272,0.9625908844172955,0.6774749159812927
